,AI,random,sum,product
0,503.27158246247694,603.0,837.0,856.0
1,516.0639495256378,600.0,846.0,857.5
2,518.2624817599669,568.3333333333334,843.0,857.6666666666666
3,489.9237185521844,564.5,844.0,855.75
4,517.616377528488,550.4,837.8,859.2
5,516.9419696639072,541.0,837.3333333333334,859.6666666666666
6,519.7205018084239,534.2857142857143,835.4285714285714,854.1428571428571
7,522.2621342219875,532.125,832.625,853.5
8,524.1783411524491,527.5555555555555,834.6666666666666,855.4444444444445
9,534.8216093672299,519.6,836.9,855.8
10,537.3920388225253,526.0,837.0909090909091,856.5454545454545
11,540.4285617017574,531.6666666666666,834.9166666666666,856.0833333333334
12,539.7803357022289,530.3076923076923,834.3076923076923,855.9230769230769
13,540.2046708607332,530.3571428571429,833.7857142857143,855.2857142857143
14,540.3831553124639,524.1333333333333,834.2,858.4
15,540.7879860290291,524.125,836.4375,856.0625
16,544.007022013503,526.0,835.4705882352941,856.3529411764706
17,550.1680834072438,526.9444444444445,834.0555555555555,857.7222222222222
18,552.7862697281835,529.2631578947369,834.4736842105264,856.3684210526316
19,557.5919117060433,528.15,836.2,855.35
20,565.3492195094992,525.7619047619048,837.047619047619,855.9047619047619
21,571.1753846236724,526.3636363636364,836.0454545454545,856.3181818181819
22,575.1000260824198,524.695652173913,835.9130434782609,853.7826086956521
23,576.4263699727833,521.2916666666666,836.0833333333334,853.375
24,578.1170296747882,523.12,836.0,853.28
25,579.8493080102795,523.5769230769231,836.8846153846154,852.0
26,586.4148872598648,525.8148148148148,837.0,853.1111111111111
27,592.555702023025,528.7857142857143,837.3214285714286,853.6428571428571
28,600.445018298928,529.551724137931,836.448275862069,853.551724137931
29,607.8611025555098,530.4333333333333,836.8,852.8333333333334
30,615.1092423301734,529.258064516129,836.5806451612904,853.0
31,621.553505339645,529.34375,836.40625,853.0
32,628.395114557712,528.6969696969697,836.3333333333334,852.7272727272727
33,631.2932757443248,529.9705882352941,836.1176470588235,853.1764705882352
34,637.3301813032238,529.1714285714286,836.8571428571429,853.3428571428572
35,642.4588080180705,529.5555555555555,836.8055555555555,853.3055555555555
36,646.3187294207092,530.4594594594595,837.1081081081081,853.6756756756756
37,651.533375967801,529.8157894736842,836.8421052631579,853.7631578947369
38,655.2554463718711,527.8974358974359,836.6153846153846,853.4358974358975
39,659.9793178577644,527.0,837.025,853.875
40,663.5745474323137,526.2682926829268,837.5365853658536,853.7560975609756
41,668.0720170760036,525.3571428571429,837.7857142857143,853.3571428571429
42,672.0434956161691,525.3953488372093,837.1627906976744,853.6744186046511
43,674.3964116156017,524.4318181818181,836.6136363636364,853.3636363636364
44,676.8574148223539,525.5777777777778,837.0,853.4666666666667
45,680.9751390469405,527.8260869565217,836.8913043478261,852.9130434782609
46,684.5110517734538,527.3191489361702,837.4893617021277,852.3404255319149
47,686.1015814003055,527.625,836.7916666666666,852.3541666666666
48,688.7977061518135,529.0816326530612,837.0408163265306,852.3265306122449
49,691.9411680193627,528.98,836.74,852.26
50,696.7257136061507,528.8823529411765,836.7647058823529,852.1372549019608
51,701.6601884103159,529.1153846153846,837.0769230769231,852.0576923076923
52,705.5006307580454,529.0754716981132,837.7169811320755,852.6037735849056
53,706.0528025579956,529.1296296296297,837.3518518518518,852.3148148148148
54,710.3772378110099,529.1454545454545,837.9818181818182,852.2181818181818
55,711.6023468201886,529.8571428571429,838.0178571428571,851.9107142857143
56,714.0340748171616,529.4912280701755,837.8771929824561,851.7017543859649
57,718.774735226552,530.1551724137931,837.948275862069,852.0689655172414
58,725.0385369068323,529.0,838.1016949152543,852.2542372881356
59,729.2548251468755,529.0,838.15,852.4333333333333
60,733.3897872209566,529.3934426229508,838.311475409836,852.5737704918033
61,736.1569669574553,528.9193548387096,838.1129032258065,852.7096774193549
62,739.1411908424533,528.2063492063492,838.3650793650794,853.3015873015873
63,718.3133021182331,527.671875,838.625,853.453125
64,746.0126004297783,527.5846153846154,838.8615384615384,853.5692307692308
65,747.4193100261726,526.1666666666666,839.030303030303,853.4848484848485
66,749.3155543561071,525.5522388059702,838.2089552238806,853.7164179104477
67,753.736997591641,525.6617647058823,837.9705882352941,853.6911764705883
68,757.3579074651561,525.4202898550725,838.0144927536232,853.8550724637681
69,760.605716225927,524.6857142857143,838.0714285714286,853.8285714285714
70,762.6474283704102,524.6901408450705,837.9718309859155,853.8028169014085
71,765.8669426950372,523.8611111111111,837.8888888888889,853.4305555555555
72,767.0294347977488,523.6301369863014,838.1506849315068,853.7945205479452
73,767.3537552617344,524.9459459459459,838.2297297297297,853.8648648648649
74,769.4139160384015,525.56,838.7066666666667,853.8933333333333
75,769.4723694017397,526.2105263157895,838.4868421052631,854.25
76,771.2585133691845,526.2987012987013,838.5974025974026,854.3636363636364
77,772.0723309447932,526.4487179487179,838.5128205128206,854.7435897435897
78,772.2956592949708,526.746835443038,838.620253164557,854.6708860759494
79,772.6902384173458,527.0,838.1875,854.6625
80,774.4290463471052,527.5432098765432,838.0246913580247,854.6296296296297
81,775.3198874239274,527.3048780487804,838.0,854.0487804878048
82,777.1989706632402,527.3975903614457,838.0843373493976,854.3493975903615
83,780.7432740664501,527.3333333333334,837.9761904761905,854.4880952380952
84,781.9085368506984,527.4705882352941,838.2823529411764,854.435294117647
85,784.0458915140108,527.5697674418604,837.8372093023256,854.3488372093024
86,786.2488410166338,526.7701149425287,837.7471264367816,854.4022988505748
87,786.6763883580084,526.8181818181819,837.6363636363636,854.3636363636364
88,787.3705480902877,526.8988764044943,837.8539325842696,854.3033707865169
89,789.1480596187258,527.2111111111111,837.9444444444445,853.8555555555556
90,789.584308354719,526.8681318681319,837.8021978021978,854.3516483516484
91,791.0574568259881,526.4239130434783,838.1521739130435,854.5
92,791.3856455609996,526.1612903225806,838.3333333333334,854.5483870967741
93,791.9395431470764,525.9893617021277,838.2765957446809,854.936170212766
94,792.2865390753524,525.3894736842105,838.2315789473685,854.8736842105263
95,794.0177831761704,525.5416666666666,838.0729166666666,855.0416666666666
96,794.9108880874635,524.8453608247422,838.0618556701031,855.0515463917526
97,795.6618377175067,524.5714285714286,838.1938775510204,855.1020408163265
98,796.4673627964928,524.1212121212121,837.8484848484849,855.2727272727273
99,797.2824969858551,523.84,837.82,855.36
100,795.8540569727593,523.6138613861386,837.2772277227723,855.5445544554456
101,796.4252381736782,523.7352941176471,837.0588235294117,855.2352941176471
102,796.0744186318261,522.8155339805825,837.0970873786408,855.2233009708738
103,794.7446130676193,522.5288461538462,837.0673076923077,855.5865384615385
104,796.0197736237461,521.9809523809524,837.2,855.5333333333333
105,796.1487047028338,522.2641509433962,837.2924528301887,855.4622641509434
106,795.707257727363,522.4579439252336,837.1682242990654,855.4299065420561
107,795.6997046625065,522.2222222222222,836.9166666666666,855.3703703703703
108,795.180444930583,521.9266055045872,836.9449541284404,855.2752293577981
109,794.32086715634,521.9181818181818,836.8818181818182,855.4454545454546
110,794.6485512476569,521.7837837837837,836.6396396396397,855.3783783783783
111,796.0062436941057,521.3035714285714,836.7410714285714,855.5982142857143
112,794.9174548341482,520.9115044247787,836.7433628318585,855.7256637168142
113,795.7585312140864,520.5,836.859649122807,855.8157894736842
114,794.9855470384351,520.4782608695652,836.9217391304347,855.7304347826087
115,794.7883743487948,520.6034482758621,836.75,855.7586206896551
116,794.354165344401,520.0940170940171,836.8205128205128,855.9145299145299
117,794.0112593660118,519.9830508474577,836.7796610169491,855.9067796610169
118,794.175232552615,519.7563025210084,836.6722689075631,855.8403361344538
119,793.2268780115812,519.7166666666667,836.675,855.95
120,794.2174765138325,519.9421487603306,836.7107438016529,855.8181818181819
121,793.5358088958557,519.7786885245902,836.8196721311475,856.016393442623
122,793.5417065283966,519.3739837398374,836.7235772357724,855.9756097560976
123,755.6553447174181,519.0241935483871,836.9274193548387,855.9677419354839
124,771.2052904382853,519.088,836.96,855.88
125,779.9145557596129,519.3412698412699,837.0952380952381,855.968253968254
126,783.4578482598793,519.7086614173228,837.1417322834645,856.1732283464567
127,782.859076292364,519.75,837.0,856.2109375
128,782.4598818256861,520.1395348837209,837.2635658914729,856.2170542635658
129,784.5324197552698,520.4769230769231,837.1384615384616,856.3
130,787.1525265156683,520.5954198473282,837.3358778625955,856.4198473282443
131,790.6251841537694,520.4090909090909,837.1666666666666,856.5151515151515
132,794.5136877360893,520.8496240601504,837.1804511278195,856.0827067669173
133,796.4028619477197,521.1492537313433,836.9253731343283,856.1417910447761
134,795.8608965558408,520.6888888888889,836.7703703703704,856.074074074074
135,795.814107533914,521.1397058823529,836.6323529411765,855.9779411764706
136,797.1426472093938,521.2919708029198,836.6058394160584,856.029197080292
137,797.2615970019214,520.731884057971,836.7173913043479,855.9855072463768
138,797.2123462415769,520.7985611510792,836.6762589928057,855.9496402877697
139,797.3128680284857,520.6642857142857,836.5571428571428,856.1571428571428
140,797.7340826783488,520.5106382978723,836.4113475177305,856.1843971631206
141,798.2740557509723,520.6478873239437,836.4014084507043,855.8943661971831
142,799.6501985243298,520.4055944055945,836.4125874125874,855.916083916084
143,801.6293782041674,520.25,836.625,855.7986111111111
144,802.4785355384903,520.2413793103449,836.5655172413793,855.8620689655172
145,802.5110341920539,520.2739726027397,836.431506849315,856.054794520548
146,803.4777159324333,520.7687074829932,836.2517006802722,855.8231292517007
147,803.5674084978807,520.7567567567568,836.277027027027,855.8513513513514
148,804.0322879088874,520.9328859060403,836.3758389261745,855.8993288590603
149,804.2022755501256,521.0266666666666,836.3666666666667,855.9
150,803.4750151684867,521.205298013245,836.3112582781457,855.7615894039735
151,801.6229163390977,521.5131578947369,836.5921052631579,855.8026315789474
152,800.4841285122397,521.3006535947712,836.4705882352941,855.8039215686274
153,799.4195018887143,521.487012987013,836.4415584415584,855.8181818181819
154,798.7063290096054,521.6967741935484,836.4129032258064,855.7354838709678
155,798.199448759519,521.4487179487179,836.5576923076923,855.6666666666666
156,796.9144872569452,521.3821656050956,836.5668789808917,855.5350318471337
157,796.2455274599663,521.2405063291139,836.6645569620254,855.1835443037975
158,796.3716217947498,521.2327044025158,836.5786163522013,855.1823899371069
159,795.7937421216631,521.075,836.7125,855.25
160,793.7739854643764,521.111801242236,836.8074534161491,855.1801242236024
161,792.2283130512315,521.0308641975308,836.895061728395,855.141975308642
162,791.2666048810603,520.8527607361963,836.9141104294479,855.0245398773006
163,792.2598689823939,521.4146341463414,837.0731707317074,854.9939024390244
164,792.085752933355,521.2363636363636,836.9636363636364,855.0424242424242
165,791.1987487351076,521.1626506024096,837.0301204819277,855.0481927710844
166,791.0937112630842,521.2395209580839,837.0239520958083,855.0359281437126
167,791.7178664145455,521.327380952381,836.8333333333334,855.0416666666666
168,792.9749428575911,521.1420118343195,836.8639053254437,855.1656804733727
169,794.0195841413484,520.7882352941176,836.8058823529411,855.1529411764706
170,795.1300648321632,520.9239766081871,836.561403508772,855.0526315789474
171,796.4304112726987,520.8604651162791,836.3895348837209,854.9709302325581
172,797.3754824422432,521.0346820809249,836.2658959537572,854.9421965317919
173,799.0684451284508,520.3103448275862,836.2931034482758,854.683908045977
174,801.2809370002509,520.1142857142858,836.1085714285714,854.7942857142857
175,801.8230602820051,519.7443181818181,836.0568181818181,854.7272727272727
176,802.9929887614212,519.4350282485875,836.1864406779661,854.7062146892655
177,804.1275520711873,519.6404494382023,836.3314606741573,854.8595505617977
178,805.5326809012779,519.6424581005587,836.268156424581,854.8435754189944
179,805.6158762090032,519.5277777777778,836.2611111111111,854.8833333333333
180,808.0446151048839,519.7127071823204,836.3259668508288,854.8563535911602
181,808.3216810156708,519.3846153846154,836.2857142857143,854.978021978022
182,809.141755194972,519.5573770491803,836.2349726775956,855.1530054644809
183,797.9526928333534,519.7771739130435,836.1576086956521,855.1195652173913
184,795.5756825511113,519.7945945945946,836.1243243243243,854.8918918918919
185,799.3936988207286,519.6935483870968,835.9623655913979,854.9462365591398
186,801.8626342526046,519.6310160427807,835.9411764705883,854.9893048128342
187,805.4690145085243,519.6117021276596,835.968085106383,855.1276595744681
188,809.7369061262165,519.9153439153439,835.8730158730159,855.0529100529101
189,809.7679042932792,519.7105263157895,835.9421052631579,855.0473684210526
190,809.9648465406254,520.0261780104712,835.979057591623,855.0366492146596
191,809.7688222292492,520.2135416666666,836.203125,855.1822916666666
192,809.152952166647,520.3937823834196,836.300518134715,855.139896373057
193,809.8108832725494,520.3453608247422,836.319587628866,855.0979381443299
194,809.0447112660623,520.2461538461539,836.3538461538461,855.251282051282
195,809.0644288312272,519.984693877551,836.3316326530612,855.1173469387755
196,808.0531614718835,519.9187817258884,836.3502538071066,855.2081218274112
197,807.6416284466768,519.9040404040404,836.4040404040404,855.2171717171717
198,807.7366764370295,520.3165829145729,836.2562814070352,855.2110552763819
199,807.3249297331741,520.28,836.41,855.34
200,807.4521094720783,520.2388059701492,836.4378109452737,855.5373134328358
201,807.3997291185111,520.6732673267327,836.5247524752475,855.3762376237623
202,807.5960674515852,520.423645320197,836.5073891625616,855.4039408866995
203,807.539212670196,520.1127450980392,836.3970588235294,855.2745098039215
204,808.499276437524,520.2780487804878,836.4243902439024,855.0341463414634
205,807.6763832129797,520.1747572815534,836.6262135922331,855.0679611650486
206,806.4501348502585,520.2367149758454,836.4734299516908,854.9710144927536
207,806.5661411192513,519.9519230769231,836.3653846153846,854.9423076923077
208,805.7201747505147,520.023923444976,836.334928229665,855.0526315789474
209,806.3285806667155,520.3190476190476,836.1666666666666,854.9380952380952
210,805.9653962795177,519.8957345971564,836.1611374407582,854.8815165876778
211,806.1399134145388,519.6603773584906,836.0377358490566,854.8632075471698
212,807.0709014702487,519.7605633802817,836.131455399061,854.5962441314554
213,806.8973168873472,519.6682242990654,836.2663551401869,854.6308411214953
214,808.2275545909085,519.4093023255814,836.2511627906977,854.8186046511628
215,808.010891015709,519.5324074074074,836.2175925925926,854.7546296296297
216,809.0768566706132,519.3548387096774,836.2350230414746,854.8571428571429
217,809.0686250250964,519.2752293577981,836.2752293577981,854.8807339449542
218,809.9947777609434,519.4200913242009,836.1872146118722,854.8538812785388
219,809.9642955093761,519.2045454545455,836.2727272727273,854.8818181818182
220,810.4015671258293,519.3212669683257,836.2941176470588,854.9049773755656
221,810.7147710508301,519.3783783783783,836.3108108108108,854.8873873873874
222,812.1587529541254,519.6457399103139,836.3721973094171,854.9058295964126
223,811.5602380599976,519.8839285714286,836.3214285714286,854.9776785714286
224,812.3026283350314,519.84,836.2933333333333,855.1377777777777
225,813.8509077220472,519.7566371681415,836.1902654867257,855.1592920353983
226,815.2006501469439,519.7488986784141,835.9383259911895,855.2202643171806
227,816.2366813614786,519.5745614035088,836.0,855.2149122807018
228,816.40977456177,519.3886462882097,836.0349344978166,855.17903930131
229,816.2288772152085,519.5652173913044,836.1608695652174,855.2521739130435
230,816.3451965927159,519.7186147186147,836.0909090909091,855.2987012987013
231,816.9802690395895,519.875,836.0474137931035,855.2629310344828
232,817.8231838239852,519.8154506437768,836.0557939914163,855.4163090128756
233,818.6809024278018,519.9230769230769,835.9615384615385,855.5470085470085
234,818.5456126569857,519.7872340425532,835.8085106382979,855.6170212765958
235,818.0784558952765,519.8305084745763,835.6694915254237,855.6355932203389
236,818.3932428851059,519.548523206751,835.6540084388186,855.6033755274261
237,818.9080168126333,519.4117647058823,835.8235294117648,855.6806722689075
238,818.7878113406427,519.4016736401674,835.8619246861924,855.723849372385
239,819.085709800873,519.475,835.7916666666666,855.6791666666667
240,819.9873291703964,519.4688796680498,835.7468879668049,855.5684647302904
241,820.0934824762357,519.3264462809917,835.7727272727273,855.6115702479339
242,820.2013167509547,519.4691358024692,835.8148148148148,855.6460905349794
243,801.1744504163871,519.5286885245902,835.7745901639345,855.6803278688525
244,801.7113639653058,519.4734693877551,835.9224489795919,855.5673469387755
245,810.9330604750484,519.4715447154472,835.9349593495934,855.5081300813008
246,811.6117709019915,519.5951417004048,835.8704453441295,855.4291497975709
247,815.5917074942175,519.3508064516129,835.8548387096774,855.5483870967741
248,817.5079728750575,519.3975903614457,835.8192771084338,855.5903614457832
249,818.3028630999502,519.184,835.684,855.604
250,819.2103707711149,519.4462151394422,835.6573705179283,855.6135458167331
251,816.9504838258289,519.234126984127,835.7380952380952,855.6904761904761
252,818.0623448124232,519.2766798418972,835.798418972332,855.7509881422925
253,817.5042322895465,519.3582677165355,835.8622047244095,855.8740157480315
254,817.2715962695422,519.5411764705882,835.8823529411765,855.9254901960784
255,817.9174095768404,519.57421875,836.02734375,855.921875
256,817.6842659752781,519.6964980544747,836.124513618677,855.964980544747
257,817.717741984088,519.7906976744187,836.0038759689922,856.0232558139535
258,817.8271337998152,519.6254826254826,836.1467181467182,856.0849420849421
259,818.1451806283319,519.5192307692307,836.0653846153846,856.1076923076923
260,817.9052442097111,519.3218390804598,836.1149425287356,856.1034482758621
261,817.5548246474654,519.1908396946565,836.0419847328244,856.1068702290077
262,816.7620632970395,519.4106463878327,836.1558935361217,856.0722433460076
263,816.139620408175,519.655303030303,836.1742424242424,856.0227272727273
264,817.2156386168831,519.7471698113208,836.045283018868,856.0490566037736
265,817.5033455589034,519.672932330827,835.9962406015038,855.9962406015038
266,817.812643580423,519.8014981273408,836.1161048689139,855.943820224719
267,817.1838104123209,519.8395522388059,836.1455223880597,856.0111940298508
268,816.5836760553079,519.8141263940521,836.089219330855,856.0185873605948
269,816.1605111741195,520.0407407407407,836.1222222222223,856.074074074074
270,815.3228195015763,519.9815498154982,836.2140221402213,856.1291512915129
271,814.8850102928633,519.5992647058823,836.2757352941177,856.1213235294117
272,814.9356784433971,519.4981684981685,836.2234432234433,856.0622710622711
273,815.1220522105876,519.5985401459855,836.2116788321168,855.8503649635037
274,814.5915540932154,519.68,836.1963636363637,855.92
275,814.7292556426337,519.7789855072464,836.1630434782609,855.9528985507246
276,814.1598983000821,519.85559566787,836.0974729241877,855.9855595667871
277,814.173298505914,519.8345323741007,836.0539568345324,855.910071942446
278,814.0862362182522,519.9534050179211,835.9641577060931,855.9928315412186
279,813.0995633992187,520.0571428571428,836.0571428571428,855.9964285714286
280,812.6773283413288,520.0569395017793,836.0498220640569,855.9288256227758
281,813.4421307013794,520.3120567375887,836.0177304964539,855.8794326241135
282,814.3621430297457,520.4452296819788,835.9717314487633,855.8197879858657
283,814.5613911793266,520.3732394366198,835.9718309859155,855.6478873239437
284,814.6894991344861,520.5964912280701,836.0315789473684,855.5368421052632
285,814.0950313077706,520.5454545454545,836.0419580419581,855.56993006993
286,813.7956254490435,520.4494773519164,835.9372822299651,855.4878048780488
287,813.2761892493841,520.3125,835.8854166666666,855.4513888888889
288,813.8444814582206,520.2975778546713,835.9031141868512,855.4844290657439
289,813.9831939297027,520.0793103448276,835.8482758620689,855.4310344827586
290,814.0579831928436,520.0584192439862,835.8178694158075,855.4742268041238
291,815.4693985674753,520.1575342465753,835.8527397260274,855.527397260274
292,815.4512002566432,520.4129692832764,835.8566552901024,855.3856655290102
293,816.2670396383771,520.374149659864,835.8707482993198,855.4931972789116
294,815.5215509108267,520.4610169491525,835.935593220339,855.5525423728814
295,815.5860224403065,520.5337837837837,835.8851351351351,855.5945945945946
296,815.8099165859654,520.4949494949495,835.952861952862,855.6094276094276
297,816.725106752572,520.48322147651,835.989932885906,855.6073825503356
298,815.8592648245161,520.448160535117,836.0133779264214,855.5852842809364
299,817.313097900676,520.41,836.02,855.5533333333333
300,817.6826401483646,520.5581395348837,835.9900332225914,855.468438538206
301,818.1215802067563,520.4635761589404,835.9105960264901,855.4735099337748
302,817.6107509077898,520.4587458745874,835.9009900990098,855.5148514851485
303,817.5649821268032,520.3421052631579,835.9177631578947,855.4671052631579
304,815.2941187080893,520.4,835.9475409836066,855.5016393442623
305,812.6365379781682,520.1862745098039,835.9542483660131,855.5163398692811
306,813.6126569538822,520.2768729641693,836.0065146579805,855.485342019544
307,813.8724306261598,520.0487012987013,835.9935064935065,855.5941558441558
308,815.4395396699517,519.7411003236246,836.1067961165048,855.5339805825242
309,816.0579203780603,519.9709677419355,836.0419354838709,855.6612903225806
310,816.1811911837378,520.1318327974277,836.0450160771704,855.6913183279743
311,815.3471795841413,520.3333333333334,836.0929487179487,855.5737179487179
312,815.5316772919778,520.4792332268371,836.0958466453674,855.4920127795527
313,815.1949182354984,520.2707006369427,836.1656050955414,855.5191082802547
314,814.7953413439856,520.3904761904762,836.2222222222222,855.4698412698413
315,815.8673299011305,520.3259493670886,836.2025316455696,855.370253164557
316,816.2392418892882,520.205047318612,836.1514195583596,855.3501577287067
317,813.5128412367827,520.2327044025158,836.12893081761,855.37106918239
318,815.188049198193,520.2445141065831,836.2068965517242,855.3855799373041
319,817.6159448869214,520.05,836.121875,855.41875
320,819.2354449642144,519.9252336448598,836.0623052959502,855.373831775701
321,819.8520311258468,519.6739130434783,836.0745341614906,855.3850931677018
322,820.237417491199,519.7585139318885,836.0804953560372,855.3777089783282
323,819.3936782768097,519.7222222222222,836.1141975308642,855.4845679012345
324,819.2239976546912,519.8215384615385,836.1138461538461,855.5107692307693
325,818.3113945568267,519.8404907975461,836.0981595092024,855.5214723926381
326,817.9837069450626,519.730886850153,836.0733944954128,855.5412844036697
327,818.8818596110186,519.7713414634146,836.045731707317,855.5426829268292
328,806.8678812406513,519.8936170212766,836.0121580547112,855.5440729483282
329,804.8636974224713,519.8333333333334,835.9121212121212,855.4939393939394
330,813.3658463446815,519.5800604229607,835.8398791540785,855.5196374622357
331,816.0989012776985,519.539156626506,835.8855421686746,855.4668674698795
332,818.3975195465832,519.4324324324324,835.927927927928,855.4834834834835
333,818.9106465658042,519.3652694610779,835.9491017964071,855.4820359281437
334,819.6037553534475,519.179104477612,835.8716417910448,855.4805970149254
335,817.4583411617277,519.3630952380952,835.8630952380952,855.5505952380952
336,817.52336867721,519.2522255192879,835.8605341246291,855.5252225519288
337,818.2296812758351,519.3609467455622,835.9852071005918,855.4852071005918
338,819.1053572080314,519.3716814159292,835.8849557522124,855.5073746312685
339,819.5343189885339,519.1735294117647,835.9411764705883,855.5411764705882
340,810.1407285157314,519.1378299120234,835.891495601173,855.6041055718475
341,813.2146088210663,519.1929824561404,835.8538011695906,855.6081871345029
342,813.4538845086562,519.195335276968,835.9008746355685,855.6093294460642
343,814.0966363604099,519.2645348837209,835.8720930232558,855.5436046511628
344,816.0588214093393,519.3768115942029,835.8405797101449,855.5507246376811
345,816.9317776973575,519.2919075144508,835.9537572254335,855.485549132948
346,818.1757307056898,519.4121037463977,835.9048991354467,855.5792507204611
347,816.6218107656578,519.5086206896551,835.9166666666666,855.5775862068965
348,816.0709732206711,519.5444126074499,835.8739255014326,855.5243553008596
349,816.3355267950135,519.6171428571429,835.8828571428571,855.4114285714286
350,815.9433085445463,519.7606837606837,835.9373219373219,855.4045584045584
351,788.4113773912703,519.8295454545455,835.9289772727273,855.4034090909091
352,799.6998047878827,519.6827195467422,835.8895184135978,855.3966005665723
353,802.7788345135024,519.6977401129943,835.7994350282486,855.4548022598871
354,806.6554406932368,519.6394366197183,835.8507042253522,855.5042253521127
355,810.2214203537203,519.7837078651686,835.9129213483146,855.5168539325842
356,813.0714254339177,519.7563025210084,835.8459383753501,855.593837535014
357,813.9514366204354,519.8268156424581,835.927374301676,855.5949720670391
358,815.6447240002682,519.933147632312,835.9637883008356,855.4958217270195
359,815.8877316749372,519.8583333333333,836.0027777777777,855.4944444444444
360,815.3923902024104,520.0470914127424,835.9168975069252,855.4487534626039
361,817.2187993663239,519.9198895027624,835.9337016574585,855.4558011049724
362,817.356757459995,519.8181818181819,836.0220385674932,855.4159779614325
363,824.1037556036255,519.7252747252747,835.9368131868132,855.4725274725274
364,814.7554847928303,519.8027397260274,835.917808219178,855.4876712328767
365,820.0966841955718,519.7950819672132,835.9644808743169,855.483606557377
366,822.599740659656,519.8474114441417,836.0599455040872,855.465940054496
367,825.5578417046258,519.866847826087,836.0570652173913,855.4728260869565
368,822.6162097670021,519.8130081300814,836.0785907859079,855.4525745257453
369,822.2200545971974,519.8513513513514,836.0648648648648,855.4162162162162
370,823.3278428682619,519.8867924528302,836.0808625336928,855.4528301886793
371,821.2576855326905,519.8387096774194,836.1021505376344,855.516129032258
372,821.1525183139447,519.8552278820375,836.088471849866,855.5361930294906
373,820.7974312075563,519.9117647058823,836.1069518716578,855.5213903743315
374,820.6412757400616,519.8666666666667,836.0426666666667,855.568
375,811.289713973991,519.7446808510638,836.0531914893617,855.5531914893617
376,814.9958588851848,519.7639257294429,835.9628647214854,855.5490716180371
377,818.2120751981115,519.7010582010582,835.9708994708994,855.5185185185185
378,816.5876152216205,519.7229551451187,836.0105540897098,855.5514511873351
379,818.2549521186331,519.7342105263158,836.0157894736842,855.5315789473684
380,819.8198408361263,519.6194225721785,836.1233595800525,855.5354330708661
381,819.9537289671039,519.8010471204188,836.0680628272252,855.565445026178
382,821.3146393691673,519.7832898172323,836.1514360313316,855.5691906005222
383,822.8022170437396,519.6744791666666,836.1432291666666,855.65625
384,824.2362879255762,519.748051948052,836.148051948052,855.6675324675325
385,824.3656302319331,519.759067357513,836.1580310880829,855.5569948186528
386,823.3953255083281,519.7260981912144,836.1550387596899,855.5348837209302
387,805.7887440266214,519.7396907216495,836.0927835051547,855.4613402061856
388,810.4415463190421,519.4627249357327,836.0848329048844,855.4087403598971
389,816.1737385070481,519.5205128205129,836.1076923076923,855.4179487179487
390,819.5092705054925,519.5549872122762,836.1176470588235,855.3989769820972
391,819.1815529335769,519.5612244897959,836.1377551020408,855.3545918367347
392,819.4842454687147,519.6005089058524,836.1348600508906,855.3002544529262
393,820.3209199847984,519.6751269035533,836.1015228426396,855.2944162436548
394,822.100006722194,519.6050632911392,836.1113924050633,855.3392405063291
395,824.6441945585063,519.6439393939394,836.1212121212121,855.4015151515151
396,822.2717261749103,519.6045340050377,836.0831234256927,855.3173803526448
397,823.2665238127743,519.6582914572864,836.0477386934673,855.2336683417085
398,822.4881720143143,519.6666666666666,835.9924812030075,855.2355889724311
399,817.4503042999005,519.765,835.96,855.2
400,815.5723450436509,519.7256857855361,836.002493765586,855.2344139650872
401,817.9007973377421,519.6194029850747,836.002487562189,855.1940298507462
402,822.1345523831377,519.5186104218362,835.9528535980149,855.210918114144
403,820.9610729707794,519.4678217821782,835.9628712871287,855.2054455445544
404,821.7512658080564,519.4864197530865,835.9135802469136,855.2740740740741
405,822.4958430075534,519.3423645320197,835.9113300492611,855.1453201970444
406,822.6104469117937,519.4643734643735,835.7764127764128,855.1277641277642
407,821.9400395232176,519.4779411764706,835.7941176470588,855.1470588235294
408,822.7498354096867,519.4278728606357,835.7872860635697,855.0880195599022
409,823.105914298911,519.4731707317073,835.7951219512195,854.9658536585366
410,820.7210874884815,519.5717761557178,835.8272506082725,855.0656934306569
411,802.936174300299,519.5582524271845,835.8689320388349,855.0655339805825
412,805.6080002085381,519.6174334140436,835.7917675544794,855.043583535109
413,813.9118941436914,519.6207729468599,835.8236714975845,855.0652173913044
414,816.1731842364503,519.6072289156626,835.8650602409639,855.0385542168675
415,813.021012438588,519.4807692307693,835.8701923076923,855.0144230769231
416,812.988490517723,519.5395683453237,835.8705035971223,854.9928057553957
417,812.544550814799,519.6459330143541,835.7894736842105,854.9545454545455
418,811.4995865355498,519.7231503579952,835.763723150358,854.8926014319809
419,810.9827091531944,519.6476190476191,835.7880952380953,854.8642857142858
420,808.9052787564191,519.6104513064133,835.7363420427554,854.8361045130641
421,810.6270549532765,519.6919431279621,835.6943127962086,854.8483412322275
422,811.1093510189269,519.6690307328605,835.7375886524823,854.8132387706855
423,819.5596378543785,519.5896226415094,835.811320754717,854.7806603773585
424,810.430749663412,519.4658823529412,835.7317647058824,854.8070588235294
425,814.5708773861943,519.413145539906,835.7840375586854,854.7699530516431
426,819.7238694964434,519.4332552693209,835.864168618267,854.7798594847775
427,820.5964802101782,519.376168224299,835.8504672897196,854.8247663551402
428,820.1348321203916,519.4522144522144,835.925407925408,854.8158508158508
429,819.7439733344685,519.5488372093023,835.939534883721,854.8348837209302
430,821.436450436224,519.6635730858469,835.9187935034803,854.8027842227378
431,819.5381853271405,519.5763888888889,835.8703703703703,854.7847222222222
432,820.1035503723499,519.4780600461894,835.8660508083141,854.7390300230946
433,820.6076079063891,519.3594470046083,835.9147465437788,854.7327188940092
434,821.6118304893132,519.3816091954023,835.9747126436781,854.7701149425287
435,806.2592635126744,519.3463302752293,836.0160550458716,854.7729357798165
436,811.9150201837629,519.3478260869565,836.025171624714,854.8123569794051
437,814.9106874814127,519.5091324200913,836.0091324200913,854.8767123287671
438,821.8728612139471,519.503416856492,835.9794988610479,854.8883826879271
439,821.5689766132442,519.4863636363636,835.9931818181818,854.9090909090909
440,819.5296124694248,519.4081632653061,835.9070294784581,854.8253968253969
441,818.9601369311896,519.3868778280543,835.9411764705883,854.7918552036199
442,820.0394406432695,519.4085778781039,836.0,854.8623024830699
443,820.1967999801477,519.4076576576576,835.9842342342342,854.8513513513514
444,819.9825709529847,519.4247191011236,835.9325842696629,854.867415730337
445,820.3540511454607,519.3856502242153,835.9192825112108,854.8273542600897
446,819.8001438534084,519.4563758389262,835.8165548098434,854.8523489932886
447,829.1061451949322,519.4441964285714,835.7991071428571,854.8928571428571
448,822.7130423179153,519.5768374164811,835.8307349665924,854.9287305122494
449,815.0248024271583,519.5222222222222,835.8,854.9333333333333
450,815.2591953210681,519.6762749445676,835.7405764966741,855.0066518847007
451,817.0874086248872,519.8030973451328,835.8053097345132,855.037610619469
452,818.2065753830142,519.9315673289183,835.841059602649,855.066225165563
453,817.3811120603052,519.8898678414097,835.8480176211453,855.0044052863436
454,817.4822064698026,519.9648351648351,835.8461538461538,854.9846153846154
455,817.9812074943736,519.8092105263158,835.8377192982456,854.9671052631579
456,817.721020071434,519.7417943107221,835.7986870897155,855.0
457,818.4027361034043,519.5938864628821,835.7554585152839,855.0676855895197
458,819.537022369632,519.4074074074074,835.7298474945534,855.0806100217865
459,817.3848542761237,519.3456521739131,835.6934782608696,855.0521739130435
460,818.1671589595857,519.4837310195228,835.6811279826464,855.0433839479392
461,821.9012801338822,519.521645021645,835.6428571428571,855.0454545454545
462,820.1448381569901,519.5917926565875,835.6479481641469,855.049676025918
463,820.6208015886509,519.5021551724138,835.614224137931,855.0193965517242
464,820.8640047448264,519.4021505376344,835.6774193548387,854.9225806451612
465,821.4928023071317,519.4141630901288,835.7124463519314,854.881974248927
466,822.0880667384025,519.4197002141327,835.7259100642399,854.8993576017131
467,821.9945679671137,519.5235042735043,835.715811965812,854.8974358974359
468,820.6739862251433,519.5117270788912,835.7356076759062,854.9189765458423
469,820.9897638263782,519.5510638297873,835.7531914893617,854.9574468085107
470,819.3253953395292,519.4182590233546,835.8259023354565,854.9872611464968
